size,path
,d3
,d3/d3-array
,d3/d3-array/threshold
,d3/d3-axis
,d3/d3-brush
,d3/d3-chord
,d3/d3-collection
,d3/d3-color
,d3/d3-dispatch
,d3/d3-drag
,d3/d3-dsv
,d3/d3-ease
,d3/d3-force
,d3/d3-format
,d3/d3-geo
,d3/d3-geo/clip
,d3/d3-geo/path
,d3/d3-geo/projection
,d3/d3-hierarchy
,d3/d3-hierarchy/hierarchy
,d3/d3-hierarchy/pack
,d3/d3-hierarchy/treemap
,d3/d3-interpolate
,d3/d3-interpolate/transform
,d3/d3-path
,d3/d3-polygon
,d3/d3-quadtree
,d3/d3-queue
,d3/d3-random
,d3/d3-request
,d3/d3-scale
,d3/d3-selection
,d3/d3-selection/selection
,d3/d3-shape
,d3/d3-shape/curve
,d3/d3-shape/offset
,d3/d3-shape/order
,d3/d3-shape/symbol
,d3/d3-time-format
,d3/d3-time
,d3/d3-timer
,d3/d3-transition
,d3/d3-transition/selection
,d3/d3-transition/transition
,d3/d3-voronoi
,d3/d3-zoom